{
  "Mcdm_m": 10.019186475678042,
  "Mcdm_s": 0.5520203178284999,
  "Mstar_m": 0.010429391444558287,
  "Mstar_s": 0.3219291117577123
}