{
  "Mcdm_m": 10.971016779411217,
  "Mcdm_s": 0.5087284357004165,
  "Mstar_m": 0.11827025731173749,
  "Mstar_s": 1.0741983915022257,
  "B_m": -12.04300638696815,
  "B_s": 1.984598099344707,
  "HI_m": 4.76754097770079,
  "HI_s": 1.0091554313314908,
  "Mgas_m": 10.401774406119543,
  "Mgas_s": 0.49251701692155164,
  "MgFe_m": 0.7003930849037634,
  "MgFe_s": 0.07197104282785632,
  "ne_m": -6.039242691961698,
  "ne_s": 0.4845426108432643,
  "P_m": 3.901135750866593,
  "P_s": 1.19730507260193,
  "T_m": 4.775720473718215,
  "T_s": 0.815752282808835,
  "Z_m": -5.974338585814151,
  "Z_s": 2.3712616118980567
}